"T","vtkValidPointMask","arc_length","Points:0","Points:1","Points:2"
310.18,1,0,0.001,0.075,0
310.34,1,2.4997e-05,0.001,0.075025,0
310.5,1,4.9993e-05,0.001,0.07505,0
310.66,1,7.4998e-05,0.001,0.075075,0
310.82,1,9.9994e-05,0.001,0.0751,0
310.98,1,0.000125,0.001,0.075125,0
311.15,1,0.00015,0.001,0.07515,0
311.31,1,0.000175,0.001,0.075175,0
311.47,1,0.0002,0.001,0.0752,0
311.63,1,0.000225,0.001,0.075225,0
311.79,1,0.00025,0.001,0.07525,0
311.95,1,0.00027499,0.001,0.075275,0
312.11,1,0.0003,0.001,0.0753,0
312.27,1,0.00032499,0.001,0.075325,0
312.43,1,0.00035,0.001,0.07535,0
312.59,1,0.000375,0.001,0.075375,0
312.75,1,0.0004,0.001,0.0754,0
312.91,1,0.000425,0.001,0.075425,0
313.08,1,0.00045,0.001,0.07545,0
313.24,1,0.000475,0.001,0.075475,0
313.4,1,0.00049999,0.001,0.0755,0
313.56,1,0.000525,0.001,0.075525,0
313.72,1,0.00054999,0.001,0.07555,0
313.88,1,0.000575,0.001,0.075575,0
314.04,1,0.0006,0.001,0.0756,0
314.2,1,0.000625,0.001,0.075625,0
314.36,1,0.00065,0.001,0.07565,0
314.52,1,0.000675,0.001,0.075675,0
314.68,1,0.0007,0.001,0.0757,0
314.84,1,0.00072499,0.001,0.075725,0
315.01,1,0.00075,0.001,0.07575,0
315.17,1,0.00077499,0.001,0.075775,0
315.33,1,0.0008,0.001,0.0758,0
315.49,1,0.000825,0.001,0.075825,0
315.65,1,0.00085,0.001,0.07585,0
315.81,1,0.000875,0.001,0.075875,0
315.97,1,0.0009,0.001,0.0759,0
316.13,1,0.000925,0.001,0.075925,0
316.29,1,0.00094999,0.001,0.07595,0
316.45,1,0.000975,0.001,0.075975,0
316.61,1,0.00099999,0.001,0.076,0
316.77,1,0.001025,0.001,0.076025,0
316.94,1,0.00105,0.001,0.07605,0
317.1,1,0.001075,0.001,0.076075,0
317.26,1,0.0011,0.001,0.0761,0
317.43,1,0.001125,0.001,0.076125,0
317.59,1,0.00115,0.001,0.07615,0
317.75,1,0.001175,0.001,0.076175,0
317.91,1,0.0012,0.001,0.0762,0
318.06,1,0.001225,0.001,0.076225,0
318.22,1,0.00125,0.001,0.07625,0
318.38,1,0.001275,0.001,0.076275,0
318.53,1,0.0013,0.001,0.0763,0
318.69,1,0.001325,0.001,0.076325,0
318.85,1,0.00135,0.001,0.07635,0
319,1,0.001375,0.001,0.076375,0
319.16,1,0.0014,0.001,0.0764,0
319.32,1,0.001425,0.001,0.076425,0
319.47,1,0.00145,0.001,0.07645,0
319.63,1,0.001475,0.001,0.076475,0
319.78,1,0.0015,0.001,0.0765,0
319.94,1,0.001525,0.001,0.076525,0
320.1,1,0.00155,0.001,0.07655,0
320.25,1,0.001575,0.001,0.076575,0
320.41,1,0.0016,0.001,0.0766,0
320.57,1,0.001625,0.001,0.076625,0
320.72,1,0.00165,0.001,0.07665,0
320.88,1,0.001675,0.001,0.076675,0
321.04,1,0.0017,0.001,0.0767,0
321.19,1,0.001725,0.001,0.076725,0
321.35,1,0.00175,0.001,0.07675,0
321.51,1,0.001775,0.001,0.076775,0
321.66,1,0.0018,0.001,0.0768,0
321.82,1,0.001825,0.001,0.076825,0
321.98,1,0.00185,0.001,0.07685,0
322.13,1,0.001875,0.001,0.076875,0
322.29,1,0.0019,0.001,0.0769,0
322.45,1,0.001925,0.001,0.076925,0
322.6,1,0.00195,0.001,0.07695,0
322.76,1,0.001975,0.001,0.076975,0
322.92,1,0.002,0.001,0.077,0
323.07,1,0.002025,0.001,0.077025,0
323.23,1,0.00205,0.001,0.07705,0
323.39,1,0.002075,0.001,0.077075,0
323.54,1,0.0021,0.001,0.0771,0
323.7,1,0.002125,0.001,0.077125,0
323.86,1,0.00215,0.001,0.07715,0
324.01,1,0.002175,0.001,0.077175,0
324.17,1,0.0022,0.001,0.0772,0
324.32,1,0.002225,0.001,0.077225,0
324.48,1,0.00225,0.001,0.07725,0
324.64,1,0.002275,0.001,0.077275,0
324.79,1,0.0023,0.001,0.0773,0
324.95,1,0.002325,0.001,0.077325,0
325.11,1,0.00235,0.001,0.07735,0
325.26,1,0.002375,0.001,0.077375,0
325.42,1,0.0024,0.001,0.0774,0
325.58,1,0.002425,0.001,0.077425,0
325.72,1,0.00245,0.001,0.07745,0
325.84,1,0.002475,0.001,0.077475,0
325.97,1,0.0025,0.001,0.0775,0
326.09,1,0.002525,0.001,0.077525,0
326.21,1,0.00255,0.001,0.07755,0
326.33,1,0.002575,0.001,0.077575,0
326.45,1,0.0026,0.001,0.0776,0
326.58,1,0.002625,0.001,0.077625,0
326.7,1,0.00265,0.001,0.07765,0
326.82,1,0.002675,0.001,0.077675,0
326.94,1,0.0027,0.001,0.0777,0
327.06,1,0.002725,0.001,0.077725,0
327.18,1,0.00275,0.001,0.07775,0
327.31,1,0.002775,0.001,0.077775,0
327.43,1,0.0028,0.001,0.0778,0
327.55,1,0.002825,0.001,0.077825,0
327.67,1,0.00285,0.001,0.07785,0
327.79,1,0.002875,0.001,0.077875,0
327.92,1,0.0029,0.001,0.0779,0
328.04,1,0.002925,0.001,0.077925,0
328.16,1,0.00295,0.001,0.07795,0
328.28,1,0.002975,0.001,0.077975,0
328.4,1,0.003,0.001,0.078,0
328.53,1,0.003025,0.001,0.078025,0
328.65,1,0.00305,0.001,0.07805,0
328.77,1,0.003075,0.001,0.078075,0
328.89,1,0.0031,0.001,0.0781,0
329.01,1,0.003125,0.001,0.078125,0
329.14,1,0.00315,0.001,0.07815,0
329.26,1,0.003175,0.001,0.078175,0
329.38,1,0.0032,0.001,0.0782,0
329.5,1,0.003225,0.001,0.078225,0
329.63,1,0.00325,0.001,0.07825,0
329.75,1,0.003275,0.001,0.078275,0
329.87,1,0.0033,0.001,0.0783,0
329.99,1,0.003325,0.001,0.078325,0
330.11,1,0.00335,0.001,0.07835,0
330.24,1,0.003375,0.001,0.078375,0
330.36,1,0.0034,0.001,0.0784,0
330.48,1,0.003425,0.001,0.078425,0
330.6,1,0.00345,0.001,0.07845,0
330.72,1,0.003475,0.001,0.078475,0
330.85,1,0.0035,0.001,0.0785,0
330.97,1,0.003525,0.001,0.078525,0
331.09,1,0.00355,0.001,0.07855,0
331.21,1,0.003575,0.001,0.078575,0
331.33,1,0.0036,0.001,0.0786,0
331.46,1,0.003625,0.001,0.078625,0
331.58,1,0.00365,0.001,0.07865,0
331.7,1,0.003675,0.001,0.078675,0
331.82,1,0.0037,0.001,0.0787,0
331.94,1,0.003725,0.001,0.078725,0
332.07,1,0.00375,0.001,0.07875,0
332.19,1,0.003775,0.001,0.078775,0
332.31,1,0.0038,0.001,0.0788,0
332.43,1,0.003825,0.001,0.078825,0
332.54,1,0.00385,0.001,0.07885,0
332.64,1,0.003875,0.001,0.078875,0
332.75,1,0.0039,0.001,0.0789,0
332.85,1,0.003925,0.001,0.078925,0
332.96,1,0.00395,0.001,0.07895,0
333.06,1,0.003975,0.001,0.078975,0
333.17,1,0.004,0.001,0.079,0
333.27,1,0.004025,0.001,0.079025,0
333.38,1,0.00405,0.001,0.07905,0
333.48,1,0.004075,0.001,0.079075,0
333.59,1,0.0041,0.001,0.0791,0
333.69,1,0.004125,0.001,0.079125,0
333.8,1,0.00415,0.001,0.07915,0
333.9,1,0.004175,0.001,0.079175,0
334,1,0.0042,0.001,0.0792,0
334.11,1,0.004225,0.001,0.079225,0
334.21,1,0.00425,0.001,0.07925,0
334.32,1,0.004275,0.001,0.079275,0
334.42,1,0.0043,0.001,0.0793,0
334.53,1,0.004325,0.001,0.079325,0
334.63,1,0.00435,0.001,0.07935,0
334.74,1,0.004375,0.001,0.079375,0
334.84,1,0.0044,0.001,0.0794,0
334.95,1,0.004425,0.001,0.079425,0
335.05,1,0.00445,0.001,0.07945,0
335.16,1,0.004475,0.001,0.079475,0
335.26,1,0.0045,0.001,0.0795,0
335.37,1,0.004525,0.001,0.079525,0
335.47,1,0.00455,0.001,0.07955,0
335.58,1,0.004575,0.001,0.079575,0
335.68,1,0.0046,0.001,0.0796,0
335.79,1,0.004625,0.001,0.079625,0
335.89,1,0.00465,0.001,0.07965,0
336,1,0.004675,0.001,0.079675,0
336.1,1,0.0047,0.001,0.0797,0
336.21,1,0.004725,0.001,0.079725,0
336.31,1,0.00475,0.001,0.07975,0
336.42,1,0.004775,0.001,0.079775,0
336.52,1,0.0048,0.001,0.0798,0
336.62,1,0.004825,0.001,0.079825,0
336.73,1,0.00485,0.001,0.07985,0
336.83,1,0.004875,0.001,0.079875,0
336.93,1,0.0049,0.001,0.0799,0
337.03,1,0.004925,0.001,0.079925,0
337.12,1,0.00495,0.001,0.07995,0
337.21,1,0.004975,0.001,0.079975,0
337.29,1,0.005,0.001,0.08,0
337.38,1,0.005025,0.001,0.080025,0
337.46,1,0.00505,0.001,0.08005,0
337.54,1,0.005075,0.001,0.080075,0
337.63,1,0.0051,0.001,0.0801,0
337.71,1,0.005125,0.001,0.080125,0
337.8,1,0.00515,0.001,0.08015,0
337.88,1,0.005175,0.001,0.080175,0
337.97,1,0.0052,0.001,0.0802,0
338.05,1,0.005225,0.001,0.080225,0
338.13,1,0.00525,0.001,0.08025,0
338.22,1,0.005275,0.001,0.080275,0
338.3,1,0.0053,0.001,0.0803,0
338.39,1,0.005325,0.001,0.080325,0
338.47,1,0.00535,0.001,0.08035,0
338.56,1,0.005375,0.001,0.080375,0
338.64,1,0.0054,0.001,0.0804,0
338.72,1,0.005425,0.001,0.080425,0
338.81,1,0.00545,0.001,0.08045,0
338.89,1,0.005475,0.001,0.080475,0
338.98,1,0.0055,0.001,0.0805,0
339.06,1,0.005525,0.001,0.080525,0
339.15,1,0.00555,0.001,0.08055,0
339.23,1,0.005575,0.001,0.080575,0
339.31,1,0.0056,0.001,0.0806,0
339.4,1,0.005625,0.001,0.080625,0
339.48,1,0.00565,0.001,0.08065,0
339.57,1,0.005675,0.001,0.080675,0
339.65,1,0.0057,0.001,0.0807,0
339.74,1,0.005725,0.001,0.080725,0
339.82,1,0.00575,0.001,0.08075,0
339.9,1,0.005775,0.001,0.080775,0
339.99,1,0.0058,0.001,0.0808,0
340.07,1,0.005825,0.001,0.080825,0
340.16,1,0.00585,0.001,0.08085,0
340.24,1,0.005875,0.001,0.080875,0
340.33,1,0.0059,0.001,0.0809,0
340.41,1,0.005925,0.001,0.080925,0
340.49,1,0.00595,0.001,0.08095,0
340.58,1,0.005975,0.001,0.080975,0
340.66,1,0.006,0.001,0.081,0
340.75,1,0.006025,0.001,0.081025,0
340.83,1,0.00605,0.001,0.08105,0
340.92,1,0.006075,0.001,0.081075,0
341,1,0.0061,0.001,0.0811,0
341.07,1,0.006125,0.001,0.081125,0
341.13,1,0.00615,0.001,0.08115,0
341.19,1,0.006175,0.001,0.081175,0
341.24,1,0.0062,0.001,0.0812,0
341.3,1,0.006225,0.001,0.081225,0
341.35,1,0.00625,0.001,0.08125,0
341.41,1,0.006275,0.001,0.081275,0
341.47,1,0.0063,0.001,0.0813,0
341.52,1,0.006325,0.001,0.081325,0
341.58,1,0.00635,0.001,0.08135,0
341.63,1,0.006375,0.001,0.081375,0
341.69,1,0.0064,0.001,0.0814,0
341.75,1,0.006425,0.001,0.081425,0
341.8,1,0.00645,0.001,0.08145,0
341.86,1,0.006475,0.001,0.081475,0
341.92,1,0.0065,0.001,0.0815,0
341.97,1,0.006525,0.001,0.081525,0
342.03,1,0.00655,0.001,0.08155,0
342.08,1,0.006575,0.001,0.081575,0
342.14,1,0.0066,0.001,0.0816,0
342.2,1,0.006625,0.001,0.081625,0
342.25,1,0.00665,0.001,0.08165,0
342.31,1,0.006675,0.001,0.081675,0
342.37,1,0.0067,0.001,0.0817,0
342.42,1,0.006725,0.001,0.081725,0
342.48,1,0.00675,0.001,0.08175,0
342.53,1,0.006775,0.001,0.081775,0
342.59,1,0.0068,0.001,0.0818,0
342.65,1,0.006825,0.001,0.081825,0
342.7,1,0.00685,0.001,0.08185,0
342.76,1,0.006875,0.001,0.081875,0
342.81,1,0.0069,0.001,0.0819,0
342.87,1,0.006925,0.001,0.081925,0
342.93,1,0.00695,0.001,0.08195,0
342.98,1,0.006975,0.001,0.081975,0
343.04,1,0.007,0.001,0.082,0
343.1,1,0.007025,0.001,0.082025,0
343.15,1,0.00705,0.001,0.08205,0
343.21,1,0.007075,0.001,0.082075,0
343.26,1,0.0071,0.001,0.0821,0
343.32,1,0.007125,0.001,0.082125,0
343.38,1,0.00715,0.001,0.08215,0
343.44,1,0.007175,0.001,0.082175,0
343.5,1,0.0072,0.001,0.0822,0
343.56,1,0.007225,0.001,0.082225,0
343.62,1,0.00725,0.001,0.08225,0
343.68,1,0.007275,0.001,0.082275,0
343.75,1,0.0073,0.001,0.0823,0
343.81,1,0.007325,0.001,0.082325,0
343.88,1,0.00735,0.001,0.08235,0
343.94,1,0.007375,0.001,0.082375,0
344.01,1,0.0074,0.001,0.0824,0
344.07,1,0.007425,0.001,0.082425,0
344.13,1,0.00745,0.001,0.08245,0
344.2,1,0.007475,0.001,0.082475,0
344.26,1,0.0075,0.001,0.0825,0
344.33,1,0.007525,0.001,0.082525,0
344.39,1,0.00755,0.001,0.08255,0
344.45,1,0.007575,0.001,0.082575,0
344.52,1,0.0076,0.001,0.0826,0
344.58,1,0.007625,0.001,0.082625,0
344.65,1,0.00765,0.001,0.08265,0
344.71,1,0.007675,0.001,0.082675,0
344.78,1,0.0077,0.001,0.0827,0
344.84,1,0.007725,0.001,0.082725,0
344.9,1,0.00775,0.001,0.08275,0
344.97,1,0.007775,0.001,0.082775,0
345.03,1,0.0078,0.001,0.0828,0
345.1,1,0.007825,0.001,0.082825,0
345.16,1,0.00785,0.001,0.08285,0
345.23,1,0.007875,0.001,0.082875,0
345.29,1,0.0079,0.001,0.0829,0
345.35,1,0.007925,0.001,0.082925,0
345.42,1,0.00795,0.001,0.08295,0
345.48,1,0.007975,0.001,0.082975,0
345.55,1,0.008,0.001,0.083,0
345.61,1,0.008025,0.001,0.083025,0
345.67,1,0.00805,0.001,0.08305,0
345.72,1,0.008075,0.001,0.083075,0
345.76,1,0.0081,0.001,0.0831,0
345.81,1,0.008125,0.001,0.083125,0
345.85,1,0.00815,0.001,0.08315,0
345.9,1,0.008175,0.001,0.083175,0
345.94,1,0.0082,0.001,0.0832,0
345.99,1,0.008225,0.001,0.083225,0
346.03,1,0.00825,0.001,0.08325,0
346.08,1,0.008275,0.001,0.083275,0
346.12,1,0.0083,0.001,0.0833,0
346.17,1,0.008325,0.001,0.083325,0
346.21,1,0.00835,0.001,0.08335,0
346.25,1,0.008375,0.001,0.083375,0
346.3,1,0.0084,0.001,0.0834,0
346.34,1,0.008425,0.001,0.083425,0
346.39,1,0.00845,0.001,0.08345,0
346.43,1,0.008475,0.001,0.083475,0
346.48,1,0.0085,0.001,0.0835,0
346.52,1,0.008525,0.001,0.083525,0
346.56,1,0.00855,0.001,0.08355,0
346.6,1,0.008575,0.001,0.083575,0
346.63,1,0.0086,0.001,0.0836,0
346.66,1,0.008625,0.001,0.083625,0
346.69,1,0.00865,0.001,0.08365,0
346.72,1,0.008675,0.001,0.083675,0
346.75,1,0.0087,0.001,0.0837,0
346.79,1,0.008725,0.001,0.083725,0
346.82,1,0.00875,0.001,0.08375,0
346.85,1,0.008775,0.001,0.083775,0
346.88,1,0.0088,0.001,0.0838,0
346.91,1,0.008825,0.001,0.083825,0
346.94,1,0.00885,0.001,0.08385,0
346.98,1,0.008875,0.001,0.083875,0
347.01,1,0.0089,0.001,0.0839,0
347.04,1,0.008925,0.001,0.083925,0
347.07,1,0.00895,0.001,0.08395,0
347.1,1,0.008975,0.001,0.083975,0
347.14,1,0.009,0.001,0.084,0
347.17,1,0.009025,0.001,0.084025,0
347.2,1,0.00905,0.001,0.08405,0
347.23,1,0.009075,0.001,0.084075,0
347.25,1,0.0091,0.001,0.0841,0
347.28,1,0.009125,0.001,0.084125,0
347.31,1,0.00915,0.001,0.08415,0
347.34,1,0.009175,0.001,0.084175,0
347.37,1,0.0092,0.001,0.0842,0
347.39,1,0.009225,0.001,0.084225,0
347.42,1,0.00925,0.001,0.08425,0
347.45,1,0.009275,0.001,0.084275,0
347.48,1,0.0093,0.001,0.0843,0
347.51,1,0.009325,0.001,0.084325,0
347.53,1,0.00935,0.001,0.08435,0
347.56,1,0.009375,0.001,0.084375,0
347.59,1,0.0094,0.001,0.0844,0
347.62,1,0.009425,0.001,0.084425,0
347.64,1,0.00945,0.001,0.08445,0
347.67,1,0.009475,0.001,0.084475,0
347.7,1,0.0095,0.001,0.0845,0
347.73,1,0.009525,0.001,0.084525,0
347.76,1,0.00955,0.001,0.08455,0
347.78,1,0.009575,0.001,0.084575,0
347.81,1,0.0096,0.001,0.0846,0
347.84,1,0.009625,0.001,0.084625,0
347.87,1,0.00965,0.001,0.08465,0
347.9,1,0.009675,0.001,0.084675,0
347.92,1,0.0097,0.001,0.0847,0
347.95,1,0.009725,0.001,0.084725,0
347.98,1,0.00975,0.001,0.08475,0
348.01,1,0.009775,0.001,0.084775,0
348.03,1,0.0098,0.001,0.0848,0
348.06,1,0.009825,0.001,0.084825,0
348.09,1,0.00985,0.001,0.08485,0
348.12,1,0.009875,0.001,0.084875,0
348.15,1,0.0099,0.001,0.0849,0
348.17,1,0.009925,0.001,0.084925,0
348.2,1,0.00995,0.001,0.08495,0
348.23,1,0.009975,0.001,0.084975,0
348.26,1,0.01,0.001,0.085,0
348.29,1,0.010025,0.001,0.085025,0
348.31,1,0.01005,0.001,0.08505,0
348.34,1,0.010075,0.001,0.085075,0
348.37,1,0.0101,0.001,0.0851,0
348.39,1,0.010125,0.001,0.085125,0
348.39,1,0.01015,0.001,0.08515,0
348.4,1,0.010175,0.001,0.085175,0
348.4,1,0.0102,0.001,0.0852,0
348.41,1,0.010225,0.001,0.085225,0
348.41,1,0.01025,0.001,0.08525,0
348.42,1,0.010275,0.001,0.085275,0
348.43,1,0.0103,0.001,0.0853,0
348.43,1,0.010325,0.001,0.085325,0
348.44,1,0.01035,0.001,0.08535,0
348.44,1,0.010375,0.001,0.085375,0
348.45,1,0.0104,0.001,0.0854,0
348.45,1,0.010425,0.001,0.085425,0
348.46,1,0.01045,0.001,0.08545,0
348.46,1,0.010475,0.001,0.085475,0
348.47,1,0.0105,0.001,0.0855,0
348.47,1,0.010525,0.001,0.085525,0
348.48,1,0.01055,0.001,0.08555,0
348.48,1,0.010575,0.001,0.085575,0
348.49,1,0.0106,0.001,0.0856,0
348.49,1,0.010625,0.001,0.085625,0
348.5,1,0.01065,0.001,0.08565,0
348.51,1,0.010675,0.001,0.085675,0
348.51,1,0.0107,0.001,0.0857,0
348.52,1,0.010725,0.001,0.085725,0
348.52,1,0.01075,0.001,0.08575,0
348.53,1,0.010775,0.001,0.085775,0
348.53,1,0.0108,0.001,0.0858,0
348.54,1,0.010825,0.001,0.085825,0
348.54,1,0.01085,0.001,0.08585,0
348.55,1,0.010875,0.001,0.085875,0
348.55,1,0.0109,0.001,0.0859,0
348.56,1,0.010925,0.001,0.085925,0
348.56,1,0.01095,0.001,0.08595,0
348.57,1,0.010975,0.001,0.085975,0
348.57,1,0.011,0.001,0.086,0
348.57,1,0.011025,0.001,0.086025,0
348.57,1,0.01105,0.001,0.08605,0
348.57,1,0.011075,0.001,0.086075,0
348.56,1,0.0111,0.001,0.0861,0
348.56,1,0.011125,0.001,0.086125,0
348.56,1,0.01115,0.001,0.08615,0
348.55,1,0.011175,0.001,0.086175,0
348.55,1,0.0112,0.001,0.0862,0
348.55,1,0.011225,0.001,0.086225,0
348.54,1,0.01125,0.001,0.08625,0
348.54,1,0.011275,0.001,0.086275,0
348.54,1,0.0113,0.001,0.0863,0
348.53,1,0.011325,0.001,0.086325,0
348.53,1,0.01135,0.001,0.08635,0
348.53,1,0.011375,0.001,0.086375,0
348.52,1,0.0114,0.001,0.0864,0
348.52,1,0.011425,0.001,0.086425,0
348.52,1,0.01145,0.001,0.08645,0
348.51,1,0.011475,0.001,0.086475,0
348.51,1,0.0115,0.001,0.0865,0
348.5,1,0.011525,0.001,0.086525,0
348.5,1,0.01155,0.001,0.08655,0
348.5,1,0.011575,0.001,0.086575,0
348.49,1,0.0116,0.001,0.0866,0
348.49,1,0.011625,0.001,0.086625,0
348.48,1,0.01165,0.001,0.08665,0
348.48,1,0.011675,0.001,0.086675,0
348.48,1,0.0117,0.001,0.0867,0
348.47,1,0.011725,0.001,0.086725,0
348.47,1,0.01175,0.001,0.08675,0
348.46,1,0.011775,0.001,0.086775,0
348.46,1,0.0118,0.001,0.0868,0
348.46,1,0.011825,0.001,0.086825,0
348.45,1,0.01185,0.001,0.08685,0
348.45,1,0.011875,0.001,0.086875,0
348.44,1,0.0119,0.001,0.0869,0
348.44,1,0.011925,0.001,0.086925,0
348.44,1,0.01195,0.001,0.08695,0
348.43,1,0.011975,0.001,0.086975,0
348.43,1,0.012,0.001,0.087,0
348.42,1,0.012025,0.001,0.087025,0
348.42,1,0.01205,0.001,0.08705,0
348.42,1,0.012075,0.001,0.087075,0
348.41,1,0.0121,0.001,0.0871,0
348.41,1,0.012125,0.001,0.087125,0
348.4,1,0.01215,0.001,0.08715,0
348.39,1,0.012175,0.001,0.087175,0
348.38,1,0.0122,0.001,0.0872,0
348.37,1,0.012225,0.001,0.087225,0
348.36,1,0.01225,0.001,0.08725,0
348.34,1,0.012275,0.001,0.087275,0
348.33,1,0.0123,0.001,0.0873,0
348.32,1,0.012325,0.001,0.087325,0
348.31,1,0.01235,0.001,0.08735,0
348.3,1,0.012375,0.001,0.087375,0
348.28,1,0.0124,0.001,0.0874,0
348.27,1,0.012425,0.001,0.087425,0
348.26,1,0.01245,0.001,0.08745,0
348.25,1,0.012475,0.001,0.087475,0
348.24,1,0.0125,0.001,0.0875,0
348.23,1,0.012525,0.001,0.087525,0
348.21,1,0.01255,0.001,0.08755,0
348.19,1,0.012575,0.001,0.087575,0
348.16,1,0.0126,0.001,0.0876,0
348.14,1,0.012625,0.001,0.087625,0
348.12,1,0.01265,0.001,0.08765,0
348.1,1,0.012675,0.001,0.087675,0
348.07,1,0.0127,0.001,0.0877,0
348.05,1,0.012725,0.001,0.087725,0
348.03,1,0.01275,0.001,0.08775,0
348.01,1,0.012775,0.001,0.087775,0
347.98,1,0.0128,0.001,0.0878,0
347.96,1,0.012825,0.001,0.087825,0
347.94,1,0.01285,0.001,0.08785,0
347.92,1,0.012875,0.001,0.087875,0
347.89,1,0.0129,0.001,0.0879,0
347.87,1,0.012925,0.001,0.087925,0
347.85,1,0.01295,0.001,0.08795,0
347.83,1,0.012975,0.001,0.087975,0
347.8,1,0.013,0.001,0.088,0
347.78,1,0.013025,0.001,0.088025,0
347.76,1,0.01305,0.001,0.08805,0
347.74,1,0.013075,0.001,0.088075,0
347.71,1,0.0131,0.001,0.0881,0
347.69,1,0.013125,0.001,0.088125,0
347.67,1,0.01315,0.001,0.08815,0
347.65,1,0.013175,0.001,0.088175,0
347.62,1,0.0132,0.001,0.0882,0
347.6,1,0.013225,0.001,0.088225,0
347.58,1,0.01325,0.001,0.08825,0
347.56,1,0.013275,0.001,0.088275,0
347.54,1,0.0133,0.001,0.0883,0
347.52,1,0.013325,0.001,0.088325,0
347.5,1,0.01335,0.001,0.08835,0
347.47,1,0.013375,0.001,0.088375,0
347.45,1,0.0134,0.001,0.0884,0
347.43,1,0.013425,0.001,0.088425,0
347.41,1,0.01345,0.001,0.08845,0
347.39,1,0.013475,0.001,0.088475,0
347.37,1,0.0135,0.001,0.0885,0
347.35,1,0.013525,0.001,0.088525,0
347.33,1,0.01355,0.001,0.08855,0
347.31,1,0.013575,0.001,0.088575,0
347.29,1,0.0136,0.001,0.0886,0
347.26,1,0.013625,0.001,0.088625,0
347.24,1,0.01365,0.001,0.08865,0
347.22,1,0.013675,0.001,0.088675,0
347.2,1,0.0137,0.001,0.0887,0
347.17,1,0.013725,0.001,0.088725,0
347.14,1,0.01375,0.001,0.08875,0
347.11,1,0.013775,0.001,0.088775,0
347.09,1,0.0138,0.001,0.0888,0
347.06,1,0.013825,0.001,0.088825,0
347.03,1,0.01385,0.001,0.08885,0
347,1,0.013875,0.001,0.088875,0
346.98,1,0.0139,0.001,0.0889,0
346.95,1,0.013925,0.001,0.088925,0
346.92,1,0.01395,0.001,0.08895,0
346.89,1,0.013975,0.001,0.088975,0
346.87,1,0.014,0.001,0.089,0
346.84,1,0.014025,0.001,0.089025,0
346.81,1,0.01405,0.001,0.08905,0
346.78,1,0.014075,0.001,0.089075,0
346.76,1,0.0141,0.001,0.0891,0
346.73,1,0.014125,0.001,0.089125,0
346.7,1,0.01415,0.001,0.08915,0
346.67,1,0.014175,0.001,0.089175,0
346.65,1,0.0142,0.001,0.0892,0
346.62,1,0.014225,0.001,0.089225,0
346.59,1,0.01425,0.001,0.08925,0
346.56,1,0.014275,0.001,0.089275,0
346.54,1,0.0143,0.001,0.0893,0
346.51,1,0.014325,0.001,0.089325,0
346.48,1,0.01435,0.001,0.08935,0
346.45,1,0.014375,0.001,0.089375,0
346.43,1,0.0144,0.001,0.0894,0
346.4,1,0.014425,0.001,0.089425,0
346.38,1,0.01445,0.001,0.08945,0
346.35,1,0.014475,0.001,0.089475,0
346.32,1,0.0145,0.001,0.0895,0
346.3,1,0.014525,0.001,0.089525,0
346.27,1,0.01455,0.001,0.08955,0
346.23,1,0.014575,0.001,0.089575,0
346.18,1,0.0146,0.001,0.0896,0
346.13,1,0.014625,0.001,0.089625,0
346.08,1,0.01465,0.001,0.08965,0
346.04,1,0.014675,0.001,0.089675,0
345.99,1,0.0147,0.001,0.0897,0
345.94,1,0.014725,0.001,0.089725,0
345.89,1,0.01475,0.001,0.08975,0
345.84,1,0.014775,0.001,0.089775,0
345.79,1,0.0148,0.001,0.0898,0
345.75,1,0.014825,0.001,0.089825,0
345.7,1,0.01485,0.001,0.08985,0
345.65,1,0.014875,0.001,0.089875,0
345.6,1,0.0149,0.001,0.0899,0
345.55,1,0.014925,0.001,0.089925,0
345.5,1,0.01495,0.001,0.08995,0
345.46,1,0.014975,0.001,0.089975,0
345.41,1,0.015,0.001,0.09,0
345.36,1,0.015025,0.001,0.090025,0
345.31,1,0.01505,0.001,0.09005,0
345.26,1,0.015075,0.001,0.090075,0
345.21,1,0.0151,0.001,0.0901,0
345.17,1,0.015125,0.001,0.090125,0
345.12,1,0.01515,0.001,0.09015,0
345.07,1,0.015175,0.001,0.090175,0
345.02,1,0.0152,0.001,0.0902,0
344.97,1,0.015225,0.001,0.090225,0
344.92,1,0.01525,0.001,0.09025,0
344.87,1,0.015275,0.001,0.090275,0
344.83,1,0.0153,0.001,0.0903,0
344.78,1,0.015325,0.001,0.090325,0
344.73,1,0.01535,0.001,0.09035,0
344.68,1,0.015375,0.001,0.090375,0
344.63,1,0.0154,0.001,0.0904,0
344.58,1,0.015425,0.001,0.090425,0
344.54,1,0.01545,0.001,0.09045,0
344.49,1,0.015475,0.001,0.090475,0
344.44,1,0.0155,0.001,0.0905,0
344.39,1,0.015525,0.001,0.090525,0
344.34,1,0.01555,0.001,0.09055,0
344.29,1,0.015575,0.001,0.090575,0
344.25,1,0.0156,0.001,0.0906,0
344.2,1,0.015625,0.001,0.090625,0
344.15,1,0.01565,0.001,0.09065,0
344.1,1,0.015675,0.001,0.090675,0
344.05,1,0.0157,0.001,0.0907,0
344,1,0.015725,0.001,0.090725,0
343.96,1,0.01575,0.001,0.09075,0
343.91,1,0.015775,0.001,0.090775,0
343.86,1,0.0158,0.001,0.0908,0
343.81,1,0.015825,0.001,0.090825,0
343.76,1,0.01585,0.001,0.09085,0
343.71,1,0.015875,0.001,0.090875,0
343.67,1,0.0159,0.001,0.0909,0
343.62,1,0.015925,0.001,0.090925,0
343.57,1,0.01595,0.001,0.09095,0
343.52,1,0.015975,0.001,0.090975,0
343.47,1,0.016,0.001,0.091,0
343.42,1,0.016025,0.001,0.091025,0
343.38,1,0.01605,0.001,0.09105,0
343.33,1,0.016075,0.001,0.091075,0
343.28,1,0.0161,0.001,0.0911,0
343.23,1,0.016125,0.001,0.091125,0
343.18,1,0.01615,0.001,0.09115,0
343.13,1,0.016175,0.001,0.091175,0
343.08,1,0.0162,0.001,0.0912,0
343.04,1,0.016225,0.001,0.091225,0
342.99,1,0.01625,0.001,0.09125,0
342.94,1,0.016275,0.001,0.091275,0
342.89,1,0.0163,0.001,0.0913,0
342.84,1,0.016325,0.001,0.091325,0
342.79,1,0.01635,0.001,0.09135,0
342.75,1,0.016375,0.001,0.091375,0
342.7,1,0.0164,0.001,0.0914,0
342.65,1,0.016425,0.001,0.091425,0
342.59,1,0.01645,0.001,0.09145,0
342.53,1,0.016475,0.001,0.091475,0
342.47,1,0.0165,0.001,0.0915,0
342.41,1,0.016525,0.001,0.091525,0
342.35,1,0.01655,0.001,0.09155,0
342.29,1,0.016575,0.001,0.091575,0
342.22,1,0.0166,0.001,0.0916,0
342.16,1,0.016625,0.001,0.091625,0
342.1,1,0.01665,0.001,0.09165,0
342.04,1,0.016675,0.001,0.091675,0
341.98,1,0.0167,0.001,0.0917,0
341.91,1,0.016725,0.001,0.091725,0
341.83,1,0.01675,0.001,0.09175,0
341.76,1,0.016775,0.001,0.091775,0
341.69,1,0.0168,0.001,0.0918,0
341.62,1,0.016825,0.001,0.091825,0
341.55,1,0.01685,0.001,0.09185,0
341.48,1,0.016875,0.001,0.091875,0
341.41,1,0.0169,0.001,0.0919,0
341.34,1,0.016925,0.001,0.091925,0
341.27,1,0.01695,0.001,0.09195,0
341.19,1,0.016975,0.001,0.091975,0
341.12,1,0.017,0.001,0.092,0
341.05,1,0.017025,0.001,0.092025,0
340.98,1,0.01705,0.001,0.09205,0
340.91,1,0.017075,0.001,0.092075,0
340.84,1,0.0171,0.001,0.0921,0
340.77,1,0.017125,0.001,0.092125,0
340.7,1,0.01715,0.001,0.09215,0
340.62,1,0.017175,0.001,0.092175,0
340.55,1,0.0172,0.001,0.0922,0
340.48,1,0.017225,0.001,0.092225,0
340.41,1,0.01725,0.001,0.09225,0
340.34,1,0.017275,0.001,0.092275,0
340.27,1,0.0173,0.001,0.0923,0
340.2,1,0.017325,0.001,0.092325,0
340.13,1,0.01735,0.001,0.09235,0
340.05,1,0.017375,0.001,0.092375,0
339.98,1,0.0174,0.001,0.0924,0
339.91,1,0.017425,0.001,0.092425,0
339.84,1,0.01745,0.001,0.09245,0
339.77,1,0.017475,0.001,0.092475,0
339.69,1,0.0175,0.001,0.0925,0
339.62,1,0.017525,0.001,0.092525,0
339.55,1,0.01755,0.001,0.09255,0
339.48,1,0.017575,0.001,0.092575,0
339.4,1,0.0176,0.001,0.0926,0
339.33,1,0.017625,0.001,0.092625,0
339.26,1,0.01765,0.001,0.09265,0
339.19,1,0.017675,0.001,0.092675,0
339.11,1,0.0177,0.001,0.0927,0
339.04,1,0.017725,0.001,0.092725,0
338.97,1,0.01775,0.001,0.09275,0
338.9,1,0.017775,0.001,0.092775,0
338.83,1,0.0178,0.001,0.0928,0
338.75,1,0.017825,0.001,0.092825,0
338.68,1,0.01785,0.001,0.09285,0
338.61,1,0.017875,0.001,0.092875,0
338.54,1,0.0179,0.001,0.0929,0
338.46,1,0.017925,0.001,0.092925,0
338.39,1,0.01795,0.001,0.09295,0
338.32,1,0.017975,0.001,0.092975,0
338.24,1,0.018,0.001,0.093,0
338.16,1,0.018025,0.001,0.093025,0
338.07,1,0.01805,0.001,0.09305,0
337.99,1,0.018075,0.001,0.093075,0
337.9,1,0.0181,0.001,0.0931,0
337.82,1,0.018125,0.001,0.093125,0
337.74,1,0.01815,0.001,0.09315,0
337.65,1,0.018175,0.001,0.093175,0
337.57,1,0.0182,0.001,0.0932,0
337.49,1,0.018225,0.001,0.093225,0
337.4,1,0.01825,0.001,0.09325,0
337.32,1,0.018275,0.001,0.093275,0
337.24,1,0.0183,0.001,0.0933,0
337.15,1,0.018325,0.001,0.093325,0
337.07,1,0.01835,0.001,0.09335,0
336.98,1,0.018375,0.001,0.093375,0
336.9,1,0.0184,0.001,0.0934,0
336.82,1,0.018425,0.001,0.093425,0
336.73,1,0.01845,0.001,0.09345,0
336.65,1,0.018475,0.001,0.093475,0
336.57,1,0.0185,0.001,0.0935,0
336.48,1,0.018525,0.001,0.093525,0
336.4,1,0.01855,0.001,0.09355,0
336.32,1,0.018575,0.001,0.093575,0
336.23,1,0.0186,0.001,0.0936,0
336.15,1,0.018625,0.001,0.093625,0
336.06,1,0.01865,0.001,0.09365,0
335.98,1,0.018675,0.001,0.093675,0
335.9,1,0.0187,0.001,0.0937,0
335.81,1,0.018725,0.001,0.093725,0
335.73,1,0.01875,0.001,0.09375,0
335.65,1,0.018775,0.001,0.093775,0
335.56,1,0.0188,0.001,0.0938,0
335.48,1,0.018825,0.001,0.093825,0
335.4,1,0.01885,0.001,0.09385,0
335.31,1,0.018875,0.001,0.093875,0
335.23,1,0.0189,0.001,0.0939,0
335.14,1,0.018925,0.001,0.093925,0
335.06,1,0.01895,0.001,0.09395,0
334.98,1,0.018975,0.001,0.093975,0
334.89,1,0.019,0.001,0.094,0
334.81,1,0.019025,0.001,0.094025,0
334.73,1,0.01905,0.001,0.09405,0
334.64,1,0.019075,0.001,0.094075,0
334.56,1,0.0191,0.001,0.0941,0
334.48,1,0.019125,0.001,0.094125,0
334.39,1,0.01915,0.001,0.09415,0
334.31,1,0.019175,0.001,0.094175,0
334.22,1,0.0192,0.001,0.0942,0
334.14,1,0.019225,0.001,0.094225,0
334.06,1,0.01925,0.001,0.09425,0
333.97,1,0.019275,0.001,0.094275,0
333.89,1,0.0193,0.001,0.0943,0
333.81,1,0.019325,0.001,0.094325,0
333.72,1,0.01935,0.001,0.09435,0
333.63,1,0.019375,0.001,0.094375,0
333.53,1,0.0194,0.001,0.0944,0
333.44,1,0.019425,0.001,0.094425,0
333.34,1,0.01945,0.001,0.09445,0
333.25,1,0.019475,0.001,0.094475,0
333.16,1,0.0195,0.001,0.0945,0
333.06,1,0.019525,0.001,0.094525,0
332.97,1,0.01955,0.001,0.09455,0
332.87,1,0.019575,0.001,0.094575,0
332.78,1,0.0196,0.001,0.0946,0
332.68,1,0.019625,0.001,0.094625,0
332.59,1,0.01965,0.001,0.09465,0
332.49,1,0.019675,0.001,0.094675,0
332.4,1,0.0197,0.001,0.0947,0
332.3,1,0.019725,0.001,0.094725,0
332.21,1,0.01975,0.001,0.09475,0
332.11,1,0.019775,0.001,0.094775,0
332.02,1,0.0198,0.001,0.0948,0
331.92,1,0.019825,0.001,0.094825,0
331.83,1,0.01985,0.001,0.09485,0
331.73,1,0.019875,0.001,0.094875,0
331.64,1,0.0199,0.001,0.0949,0
331.54,1,0.019925,0.001,0.094925,0
331.45,1,0.01995,0.001,0.09495,0
331.35,1,0.019975,0.001,0.094975,0
331.26,1,0.02,0.001,0.095,0
331.16,1,0.020025,0.001,0.095025,0
331.07,1,0.02005,0.001,0.09505,0
330.97,1,0.020075,0.001,0.095075,0
330.88,1,0.0201,0.001,0.0951,0
330.78,1,0.020125,0.001,0.095125,0
330.68,1,0.02015,0.001,0.09515,0
330.59,1,0.020175,0.001,0.095175,0
330.49,1,0.0202,0.001,0.0952,0
330.4,1,0.020225,0.001,0.095225,0
330.3,1,0.02025,0.001,0.09525,0
330.21,1,0.020275,0.001,0.095275,0
330.11,1,0.0203,0.001,0.0953,0
330.02,1,0.020325,0.001,0.095325,0
329.92,1,0.02035,0.001,0.09535,0
329.83,1,0.020375,0.001,0.095375,0
329.73,1,0.0204,0.001,0.0954,0
329.64,1,0.020425,0.001,0.095425,0
329.54,1,0.02045,0.001,0.09545,0
329.44,1,0.020475,0.001,0.095475,0
329.34,1,0.0205,0.001,0.0955,0
329.23,1,0.020525,0.001,0.095525,0
329.13,1,0.02055,0.001,0.09555,0
329.03,1,0.020575,0.001,0.095575,0
328.92,1,0.0206,0.001,0.0956,0
328.82,1,0.020625,0.001,0.095625,0
328.72,1,0.02065,0.001,0.09565,0
328.61,1,0.020675,0.001,0.095675,0
328.51,1,0.0207,0.001,0.0957,0
328.41,1,0.020725,0.001,0.095725,0
328.3,1,0.02075,0.001,0.09575,0
328.2,1,0.020775,0.001,0.095775,0
328.09,1,0.0208,0.001,0.0958,0
327.99,1,0.020825,0.001,0.095825,0
327.87,1,0.02085,0.001,0.09585,0
327.76,1,0.020875,0.001,0.095875,0
327.65,1,0.0209,0.001,0.0959,0
327.54,1,0.020925,0.001,0.095925,0
327.42,1,0.02095,0.001,0.09595,0
327.31,1,0.020975,0.001,0.095975,0
327.2,1,0.021,0.001,0.096,0
327.08,1,0.021025,0.001,0.096025,0
326.97,1,0.02105,0.001,0.09605,0
326.86,1,0.021075,0.001,0.096075,0
326.75,1,0.0211,0.001,0.0961,0
326.63,1,0.021125,0.001,0.096125,0
326.52,1,0.02115,0.001,0.09615,0
326.41,1,0.021175,0.001,0.096175,0
326.3,1,0.0212,0.001,0.0962,0
326.18,1,0.021225,0.001,0.096225,0
326.07,1,0.02125,0.001,0.09625,0
325.96,1,0.021275,0.001,0.096275,0
325.84,1,0.0213,0.001,0.0963,0
325.73,1,0.021325,0.001,0.096325,0
325.62,1,0.02135,0.001,0.09635,0
325.51,1,0.021375,0.001,0.096375,0
325.39,1,0.0214,0.001,0.0964,0
325.28,1,0.021425,0.001,0.096425,0
325.17,1,0.02145,0.001,0.09645,0
325.05,1,0.021475,0.001,0.096475,0
324.94,1,0.0215,0.001,0.0965,0
324.83,1,0.021525,0.001,0.096525,0
324.72,1,0.02155,0.001,0.09655,0
324.6,1,0.021575,0.001,0.096575,0
324.49,1,0.0216,0.001,0.0966,0
324.38,1,0.021625,0.001,0.096625,0
324.26,1,0.02165,0.001,0.09665,0
324.15,1,0.021675,0.001,0.096675,0
324.03,1,0.0217,0.001,0.0967,0
323.92,1,0.021725,0.001,0.096725,0
323.81,1,0.02175,0.001,0.09675,0
323.69,1,0.021775,0.001,0.096775,0
323.58,1,0.0218,0.001,0.0968,0
323.46,1,0.021825,0.001,0.096825,0
323.35,1,0.02185,0.001,0.09685,0
323.23,1,0.021875,0.001,0.096875,0
323.12,1,0.0219,0.001,0.0969,0
323.01,1,0.021925,0.001,0.096925,0
322.89,1,0.02195,0.001,0.09695,0
322.78,1,0.021975,0.001,0.096975,0
322.66,1,0.022,0.001,0.097,0
322.55,1,0.022025,0.001,0.097025,0
322.43,1,0.02205,0.001,0.09705,0
322.32,1,0.022075,0.001,0.097075,0
322.21,1,0.0221,0.001,0.0971,0
322.09,1,0.022125,0.001,0.097125,0
321.98,1,0.02215,0.001,0.09715,0
321.86,1,0.022175,0.001,0.097175,0
321.75,1,0.0222,0.001,0.0972,0
321.63,1,0.022225,0.001,0.097225,0
321.52,1,0.02225,0.001,0.09725,0
321.41,1,0.022275,0.001,0.097275,0
321.29,1,0.0223,0.001,0.0973,0
321.18,1,0.022325,0.001,0.097325,0
321.06,1,0.02235,0.001,0.09735,0
320.95,1,0.022375,0.001,0.097375,0
320.83,1,0.0224,0.001,0.0974,0
320.72,1,0.022425,0.001,0.097425,0
320.6,1,0.02245,0.001,0.09745,0
320.49,1,0.022475,0.001,0.097475,0
320.38,1,0.0225,0.001,0.0975,0
320.26,1,0.022525,0.001,0.097525,0
320.15,1,0.02255,0.001,0.09755,0
320.03,1,0.022575,0.001,0.097575,0
319.92,1,0.0226,0.001,0.0976,0
319.8,1,0.022625,0.001,0.097625,0
319.69,1,0.02265,0.001,0.09765,0
319.58,1,0.022675,0.001,0.097675,0
319.46,1,0.0227,0.001,0.0977,0
319.35,1,0.022725,0.001,0.097725,0
319.23,1,0.02275,0.001,0.09775,0
319.12,1,0.022775,0.001,0.097775,0
319,1,0.0228,0.001,0.0978,0
318.89,1,0.022825,0.001,0.097825,0
318.78,1,0.02285,0.001,0.09785,0
318.66,1,0.022875,0.001,0.097875,0
318.53,1,0.0229,0.001,0.0979,0
318.4,1,0.022925,0.001,0.097925,0
318.27,1,0.02295,0.001,0.09795,0
318.13,1,0.022975,0.001,0.097975,0
318,1,0.023,0.001,0.098,0
317.87,1,0.023025,0.001,0.098025,0
317.74,1,0.02305,0.001,0.09805,0
317.61,1,0.023075,0.001,0.098075,0
317.48,1,0.0231,0.001,0.0981,0
317.34,1,0.023125,0.001,0.098125,0
317.21,1,0.02315,0.001,0.09815,0
317.08,1,0.023175,0.001,0.098175,0
316.95,1,0.0232,0.001,0.0982,0
316.82,1,0.023225,0.001,0.098225,0
316.69,1,0.02325,0.001,0.09825,0
316.55,1,0.023275,0.001,0.098275,0
316.42,1,0.0233,0.001,0.0983,0
316.29,1,0.023325,0.001,0.098325,0
316.16,1,0.02335,0.001,0.09835,0
316.03,1,0.023375,0.001,0.098375,0
315.9,1,0.0234,0.001,0.0984,0
315.76,1,0.023425,0.001,0.098425,0
315.63,1,0.02345,0.001,0.09845,0
315.5,1,0.023475,0.001,0.098475,0
315.37,1,0.0235,0.001,0.0985,0
315.24,1,0.023525,0.001,0.098525,0
315.11,1,0.02355,0.001,0.09855,0
314.97,1,0.023575,0.001,0.098575,0
314.84,1,0.0236,0.001,0.0986,0
314.71,1,0.023625,0.001,0.098625,0
314.58,1,0.02365,0.001,0.09865,0
314.45,1,0.023675,0.001,0.098675,0
314.32,1,0.0237,0.001,0.0987,0
314.18,1,0.023725,0.001,0.098725,0
314.05,1,0.02375,0.001,0.09875,0
313.92,1,0.023775,0.001,0.098775,0
313.79,1,0.0238,0.001,0.0988,0
313.66,1,0.023825,0.001,0.098825,0
313.53,1,0.02385,0.001,0.09885,0
313.39,1,0.023875,0.001,0.098875,0
313.26,1,0.0239,0.001,0.0989,0
313.13,1,0.023925,0.001,0.098925,0
313,1,0.02395,0.001,0.09895,0
312.87,1,0.023975,0.001,0.098975,0
312.74,1,0.024,0.001,0.099,0
312.6,1,0.024025,0.001,0.099025,0
312.47,1,0.02405,0.001,0.09905,0
312.34,1,0.024075,0.001,0.099075,0
312.21,1,0.0241,0.001,0.0991,0
312.08,1,0.024125,0.001,0.099125,0
311.95,1,0.02415,0.001,0.09915,0
311.82,1,0.024175,0.001,0.099175,0
311.69,1,0.0242,0.001,0.0992,0
311.56,1,0.024225,0.001,0.099225,0
311.43,1,0.02425,0.001,0.09925,0
311.3,1,0.024275,0.001,0.099275,0
311.17,1,0.0243,0.001,0.0993,0
311.04,1,0.024325,0.001,0.099325,0
310.91,1,0.02435,0.001,0.09935,0
310.78,1,0.024375,0.001,0.099375,0
310.66,1,0.0244,0.001,0.0994,0
310.53,1,0.024425,0.001,0.099425,0
310.4,1,0.02445,0.001,0.09945,0
310.27,1,0.024475,0.001,0.099475,0
310.14,1,0.0245,0.001,0.0995,0
310.01,1,0.024525,0.001,0.099525,0
309.88,1,0.02455,0.001,0.09955,0
309.75,1,0.024575,0.001,0.099575,0
309.62,1,0.0246,0.001,0.0996,0
309.49,1,0.024625,0.001,0.099625,0
309.36,1,0.02465,0.001,0.09965,0
309.24,1,0.024675,0.001,0.099675,0
309.11,1,0.0247,0.001,0.0997,0
308.98,1,0.024725,0.001,0.099725,0
308.85,1,0.02475,0.001,0.09975,0
308.72,1,0.024775,0.001,0.099775,0
308.59,1,0.0248,0.001,0.0998,0
308.46,1,0.024825,0.001,0.099825,0
308.33,1,0.02485,0.001,0.09985,0
308.2,1,0.024875,0.001,0.099875,0
308.07,1,0.0249,0.001,0.0999,0
307.94,1,0.024925,0.001,0.099925,0
307.82,1,0.02495,0.001,0.09995,0
307.69,1,0.024975,0.001,0.099975,0
307.56,1,0.025,0.001,0.1,0
